{"cameraMode":{"drawMode":0,"name":"Shaded","section":"Shading Mode"},"sceneLighting":true,"audioPlay":false,"sceneViewState":{"m_AlwaysRefresh":false,"showFog":true,"showSkybox":true,"showFlares":true,"showImageEffects":true,"showParticleSystems":true,"showVisualEffectGraphs":true,"m_FxEnabled":true},"in2DMode":false,"pivot":{"x":1.2609615325927735,"y":-1.268477439880371,"z":7.546056747436523},"rotation":{"x":0.17917771637439729,"y":-0.2762191593647003,"z":0.052493151277303699,"w":0.9427927136421204},"size":16.812137603759767,"orthographic":false}