{"cameraMode":{"drawMode":0,"name":"Shaded","section":"Shading Mode"},"sceneLighting":false,"audioPlay":false,"sceneViewState":{"m_AlwaysRefresh":false,"showFog":true,"showSkybox":false,"showFlares":true,"showImageEffects":true,"showParticleSystems":true,"showVisualEffectGraphs":true,"m_FxEnabled":true},"in2DMode":false,"pivot":{"x":-0.9383252263069153,"y":1.4392629861831666,"z":0.15684793889522553},"rotation":{"x":0.022668059915304185,"y":0.6057360172271729,"z":-0.017268158495426179,"w":0.7951549291610718},"size":2.9378466606140138,"orthographic":true}