{"cameraMode":{"drawMode":0,"name":"Shaded","section":"Shading Mode"},"sceneLighting":false,"audioPlay":false,"sceneViewState":{"m_AlwaysRefresh":false,"showFog":true,"showSkybox":false,"showFlares":true,"showImageEffects":true,"showParticleSystems":true,"showVisualEffectGraphs":true,"m_FxEnabled":true},"in2DMode":false,"pivot":{"x":0.34692084789276125,"y":-0.3243976831436157,"z":0.012746572494506836},"rotation":{"x":0.31282684206962588,"y":-0.48211076855659487,"z":0.18943576514720918,"w":0.7961358428001404},"size":1.5126025676727296,"orthographic":false}