{"cameraMode":{"drawMode":0,"name":"Shaded","section":"Shading Mode"},"sceneLighting":true,"audioPlay":false,"sceneViewState":{"m_AlwaysRefresh":false,"showFog":true,"showSkybox":true,"showFlares":true,"showImageEffects":false,"showParticleSystems":true,"showVisualEffectGraphs":true,"m_FxEnabled":true},"in2DMode":false,"pivot":{"x":3.189157724380493,"y":-2.3276519775390627,"z":-3.666719436645508},"rotation":{"x":0.4638300836086273,"y":-0.015945080667734147,"z":0.008349836803972721,"w":0.885741651058197},"size":7.2329912185668949,"orthographic":false}