{"cameraMode":{"drawMode":0,"name":"Shaded","section":"Shading Mode"},"sceneLighting":false,"audioPlay":false,"sceneViewState":{"m_AlwaysRefresh":false,"showFog":true,"showSkybox":false,"showFlares":true,"showImageEffects":false,"showParticleSystems":true,"showVisualEffectGraphs":true,"m_FxEnabled":true},"in2DMode":false,"pivot":{"x":2.0032730102539064,"y":0.28748512268066409,"z":-0.04164844751358032},"rotation":{"x":-0.11001437902450562,"y":-0.7435353994369507,"z":0.12633009254932404,"w":-0.6473990082740784},"size":3.866024971008301,"orthographic":false}