{"cameraMode":{"drawMode":0,"name":"Shaded","section":"Shading Mode"},"sceneLighting":false,"audioPlay":false,"sceneViewState":{"m_AlwaysRefresh":false,"showFog":true,"showSkybox":false,"showFlares":true,"showImageEffects":false,"showParticleSystems":true,"showVisualEffectGraphs":true,"m_FxEnabled":true},"in2DMode":false,"pivot":{"x":0.8792181015014648,"y":0.2948334217071533,"z":-2.348583936691284},"rotation":{"x":-0.019865311682224275,"y":-0.9664890170097351,"z":0.07875426858663559,"w":-0.24358844757080079},"size":2.9660251140594484,"orthographic":false}