{"cameraMode":{"drawMode":0,"name":"Shaded","section":"Shading Mode"},"sceneLighting":true,"audioPlay":false,"sceneViewState":{"m_AlwaysRefresh":false,"showFog":true,"showSkybox":true,"showFlares":true,"showImageEffects":true,"showParticleSystems":true,"showVisualEffectGraphs":true,"m_FxEnabled":true},"in2DMode":false,"pivot":{"x":28.610149383544923,"y":-13.517010688781739,"z":25.366174697875978},"rotation":{"x":0.1639934778213501,"y":0.1924891620874405,"z":-0.032645877450704578,"w":0.9669497013092041},"size":47.611175537109378,"orthographic":false}