{"cameraMode":{"drawMode":0,"name":"Shaded","section":"Shading Mode"},"sceneLighting":false,"audioPlay":false,"sceneViewState":{"m_AlwaysRefresh":false,"showFog":true,"showSkybox":false,"showFlares":true,"showImageEffects":true,"showParticleSystems":true,"showVisualEffectGraphs":true,"m_FxEnabled":true},"in2DMode":false,"pivot":{"x":-0.03368854522705078,"y":0.19224461913108827,"z":-0.24527736008167268},"rotation":{"x":-0.01742420345544815,"y":-0.632436990737915,"z":-0.014232546091079712,"w":0.7742912173271179},"size":2.7179441452026369,"orthographic":true}